Name,Price,Features,Ratings,Sentiments
Acer Nitro V AMD Ryzen 5 Hexa Core 7535HS - (16 GB/512 ...,"₹56,990","15.6 Inch, Obsidian Black, 2.1 Kg",4.3,Positive
ASUS TUF Gaming A15 AMD Ryzen 5 Hexa Core 7535HS - (16 ...,"₹55,990","15.6 Inch, Graphite Black, 2.30 Kg",4.4,Positive
Acer Aspire 7 Intel Core i5 13th Gen 13420H - (16 GB/51...,"₹53,990","15.6 Inch, Black, 1.99 Kg",4.3,Positive
HP Victus Intel Core i5 12th Gen - (16 GB/512 GB SSD/Wi...,"₹60,990","15.6 inch, Performance Blue",4.4,Positive
HP Victus Intel Core i5 12th Gen 12450H - (8 GB/512 GB ...,"₹57,990","15.6 inch, Performance Blue, 2.3 Kg",4.4,Positive
Lenovo LOQ Intel Core i5 12th Gen 12450HX - (12 GB/512 ...,"₹58,990","15.6 inch, Luna Grey, 2.38 kg",4.3,Positive
Acer Aspire 7 Intel Core i5 13th Gen 13420H - (8 GB/512...,"₹59,990","15.6 Inch, Black, 1.99 Kg",4.3,Positive
SpinBot Silver Fiber Thumb & Finger Sleeves 2 Pair(4 Pi...,₹349,"Silver, For iOS, Android",4.0,Positive
HP Victus 15 Intel Core i5 13th Gen 13420H - (16 GB/512...,"₹74,990","15.6 inch, Performance Blue, 2.3 Kg, With MS Office",4.4,Positive
Lenovo LOQ AMD Ryzen 7 Octa Core 7435HS - (24 GB/512 GB...,"₹88,990","15.6 Inch, Luna Grey, 2.38 Kg, With MS Office",4.5,Positive
MSI Thin 15 Intel Core i5 13th Gen 13420H - (16 GB/512 ...,"₹56,990","15.6 Inch, Cosmos Gray, 1.86 Kg",4.0,Positive
MSI Cyborg 15 Intel Core i5 12th Gen 12450H - (16 GB/51...,"₹56,990","15.6 Inch, Translucent Black, 1.98 Kg",4.6,Positive
Acer Aspire 7 Intel Core i5 13th Gen 13420H - (16 GB/51...,"₹62,990","15.6 Inch, Black, 1.99 Kg",4.3,Positive
"SpinBot BattleMods NinjaX For BGMI,PUBG,COD Free Fire  ...",₹693,"Black, For Android, iOS",4.0,Positive
SpinBot IceDot semi-conducter based Mobile Cooler for A...,"₹1,250","Black, For Android, iOS",4.1,Positive
ASUS TUF Gaming F17 - AI Powered Gaming Intel Core i5 1...,"₹49,990","17.3 Inch, Graphite Black, 2.60 kg",4.3,Positive
ASUS TUF Gaming F15 - AI Powered Gaming Intel Core i5 1...,"₹49,990","15.6 inch, Graphite Black, 2.30 Kg, With MS Office",3.8,Negative
Lenovo LOQ AMD Ryzen 5 Quad Core 7235HS - (12 GB/512 GB...,"₹54,990","15.6 Inch, Luna Grey, 2.38 Kg, With MS Office",4.4,Positive
ASUS TUF Gaming F17 - AI Powered Gaming Intel Core i5 1...,"₹47,990","17.3 Inch, Graphite Black, 2.60 kg",4.3,Positive
Acer Nitro V AMD Ryzen 7 Octa Core 7735HS - (16 GB/512 ...,"₹65,990","15.6 Inch, Obsidian Black, 2.1 Kg",4.3,Positive
MSI Katana A15 AI AMD Ryzen 7 Octa Core 8845HS - (16 GB...,"₹96,990","15.6 Inch, Black, 2.25 Kg",4.4,Positive
"Elixora IceStorm RGB Gaming Phone Cooler , Silent Cooli...","₹1,419","Multicolor, For Android, iOS",3.8,Negative
HP Omen AMD Ryzen 7 Octa Core 7840HS - (16 GB/1 TB SSD/...,"₹1,00,421","16.1 Inch, Shadow Black, 2.37 Kg",4.4,Positive
Lenovo Legion 5 Intel Core i7 13th Gen 13650HX - (24 GB...,"₹1,12,990","15.6 Inch, Storm Grey, 2.32 Kg, With MS Office",4.6,Positive
Lenovo LOQ AMD Ryzen 5 Quad Core 7235HS - (24 GB/512 GB...,"₹63,990","15.6 Inch, Luna Grey, 2.38 Kg, With MS Office",4.4,Positive
MSI Thin 15 Intel Core i5 12th Gen 12450H - (8 GB/512 G...,"₹48,990","15.6 Inch, Cosmos Grey, 1.86 Kg",4.3,Positive
ASUS AMD Ryzen 7 Octa Core 7435HS - (16 GB/512 GB SSD/W...,"₹60,990","15.6 Inch, Graphite Black, 2.30 Kg",3.3,Negative
ASUS TUF A15 AMD Ryzen 5 Hexa Core 7535HS - (16 GB/512 ...,"₹59,990","15.6 inch, Graphite Black, 2.2 kg, With MS Office",3.0,Neutral
ASUS TUF Gaming A15 AMD Ryzen 7 Octa Core 7435HS - (16 ...,"₹63,990","15.6 inch, Graphite Black, 2.30 Kg",4.4,Positive
Lenovo LOQ AMD Ryzen 7 Octa Core 7435HS - (24 GB/512 GB...,"₹83,490","15.6 Inch, Luna Grey, 2.38 Kg, With MS Office",4.5,Positive
MSI Crosshair 16 HX Intel Core i7 14th Gen 14700HX - (1...,"₹1,39,990","16 Inch, Cosmos Gray, 2.5 Kg",4.6,Positive
Acer Nitro V AMD Ryzen 7 Octa Core 7735HS - (16 GB/512 ...,"₹80,990","15.6 Inch, Obsidian Black, 2.1 Kg",4.3,Positive
Lenovo LOQ Intel Core i5 13th Gen 13450HX - (16 GB/512 ...,"₹73,990","15.6 Inch, Luna Grey, 2.38 kg, With MS Office",4.3,Positive
MSI Thin 15 Intel Core i5 12th Gen 12450H - (16 GB/512 ...,"₹51,990","15.6 Inch, Cosmos Gray, 1.86 Kg",4.3,Positive
ASUS TUF Gaming A15 AMD Ryzen 7 Octa Core 7435HS - (8 G...,"₹52,990","15.6 inch, Graphite Black, 2.30 Kg",4.2,Positive
HP OMEN Intel Core i5 13th Gen 13420H - (16 GB/512 GB S...,"₹88,990","16.1 Inch, Shadow Black, 2.32 Kg, With MS Office",4.5,Positive
ASUS TUF Gaming A15 AMD Ryzen 7 Octa Core 7435HS - (16 ...,"₹58,990","15.6 inch, Graphite Black, 2.30 Kg",4.2,Positive
ASUS ROG Ally AMD Ryzen Z1 Octa Core Extreme - (16 GB/5...,"₹39,990","7 Inch, Pure White, 1.7 kg",4.4,Positive
SpinBot Thumb & Finger Sleeves 3 Pair(6 Pieces)For Mobi...,₹368,"Black, Green, For iOS, Android",4.0,Positive
MSI Thin 15 Intel Core i5 12th Gen 12450H - (16 GB/512 ...,"₹54,990","15.6 Inch, Cosmos Gray, 1.86 Kg",4.3,Positive
Acer Nitro V AMD Ryzen 5 Hexa Core 7535HS - (16 GB/512 ...,"₹56,990","15.6 Inch, Obsidian Black, 2.1 Kg",4.3,Positive
ASUS TUF Gaming A15 AMD Ryzen 5 Hexa Core 7535HS - (16 ...,"₹55,990","15.6 Inch, Graphite Black, 2.30 Kg",4.4,Positive
ASUS TUF Gaming F15 Intel Core i5 12th Gen 12500H - (16...,"₹67,990","15.6 Inch, Mecha Gray, 2.20 Kg",4.4,Positive
HP Victus gaming AMD Ryzen 5 Hexa Core 5600H - (8 GB/51...,"₹49,990","15.6 inch, Performance Blue, 2.37 kg",4.2,Positive
MSI Thin 15 Intel Core i7 13th Gen 13620H - (16 GB/512 ...,"₹64,990","15.6 Inch, Cosmos Gray, 1.86 Kg",4.3,Positive
Lenovo LOQ Intel Core i5 12th Gen 12450HX - (12 GB/512 ...,"₹60,990","15.6 inch, Luna Grey, 2.38 kg, With MS Office",4.3,Positive
Lenovo LOQ Intel Core i5 12th Gen 12450HX - (12 GB/512 ...,"₹58,990","15.6 inch, Luna Grey, 2.38 kg",4.3,Positive
MSI Thin 15 Intel Core i5 13th Gen 13420H - (16 GB/512 ...,"₹56,990","15.6 Inch, Cosmos Gray, 1.86 Kg",4.0,Positive
ASUS TUF Gaming F15 - AI Powered Gaming Intel Core i5 1...,"₹47,990","15.6 Inch, Graphite Black, 2.30 kg",4.3,Positive
ASUS TUF Gaming A15 AMD Ryzen 7 Octa Core 7435HS - (16 ...,"₹83,990","15.6 Inch, Mecha Gray, 2.20 Kg",4.5,Positive
MSI Cyborg 15 Intel Core i5 12th Gen 12450H - (16 GB/51...,"₹56,990","15.6 Inch, Translucent Black, 1.98 Kg",4.6,Positive
ASUS TUF Gaming F15 - AI Powered Gaming Intel Core i5 1...,"₹49,990","15.6 inch, Graphite Black, 2.30 Kg, With MS Office",3.8,Negative
Lenovo LOQ Intel Core i7 13th Gen 13650HX - (16 GB/512 ...,"₹86,990","15.6 inch, Luna Grey, 2.38 kg, With MS Office",4.1,Positive
Lenovo LOQ Intel Core i7 13th Gen 13650HX - (24 GB/512 ...,"₹99,990","15.6 inch, Luna Grey, 2.38 Kg, With MS Office",4.3,Positive
MSI Thin 15 Intel Core i5 13th Gen 13420H - (16 GB/1 TB...,"₹77,990","15.6 Inch, Cosmos Gray, 1.86 Kg",4.9,Positive
Lenovo LOQ Intel Core i5 12th Gen 12450HX - (16 GB/512 ...,"₹73,990","15.6 inch, Luna Grey, 2.38 Kg, With MS Office",4.3,Positive
Lenovo LOQ AMD Ryzen 5 Quad Core 7235HS - (12 GB/512 GB...,"₹54,990","15.6 Inch, Luna Grey, 2.38 Kg, With MS Office",4.4,Positive
MSI Katana A15 AI AMD Ryzen 7 Octa Core 8845HS - (16 GB...,"₹96,990","15.6 Inch, Black, 2.25 Kg",4.4,Positive
MSI Thin 15 Intel Core i7 12th Gen 12650H - (16 GB/1 TB...,"₹62,990","15.6 Inch, Cosmos Grey, 1.86 Kg",4.1,Positive
Colorful Evol P15 Intel Core i5 12th Gen 12500H - (16 G...,"₹59,990","15.6 Inch, Steel Grey, 2.4 Kg",4.5,Positive
"Elixora IceStorm RGB Gaming Phone Cooler , Silent Cooli...","₹1,419","Multicolor, For Android, iOS",3.8,Negative
ASUS AMD Ryzen 7 Octa Core 7435HS - (16 GB/512 GB SSD/W...,"₹60,990","15.6 Inch, Graphite Black, 2.30 Kg",3.3,Negative
Colorful P15 Intel Core i7 13th Gen 13620H - (16 GB/512...,"₹83,990","15.6 Inch, Gray, 2.4 Kg",4.5,Positive
Colorful P15 Intel Core i7 12th Gen 12650H - (16 GB/512...,"₹73,990","15.6 Inch, Gray, 2.4 Kg",4.3,Positive
MSI Thin 15 Intel Core i7 13th Gen 13620H - (16 GB/1 TB...,"₹89,790","15.6 Inch, Cosmos Gray, 1.86 Kg",3.8,Negative
Acer Predator Neo Intel Core i5 13th Gen 13500HX - (16 ...,"₹94,990","16 Inch, Obsidian Black, 2.6 Kg",4.4,Positive
ASUS TUF A15 AMD Ryzen 5 Hexa Core 7535HS - (16 GB/512 ...,"₹59,990","15.6 inch, Graphite Black, 2.2 kg, With MS Office",3.0,Neutral
Lenovo Legion 5 Intel Core i7 13th Gen 13650HX - (24 GB...,"₹1,12,990","15.6 Inch, Storm Grey, 2.32 Kg, With MS Office",4.6,Positive
ASUS TUF Gaming A15 AMD Ryzen 5 Hexa Core 7535HS - (8 G...,"₹53,990","15.6 Inch, Graphite Black, 2.30 Kg",3.8,Negative
HP Omen Intel Core i7 13th Gen 13620H - (16 GB/1 TB SSD...,"₹1,16,990","16.1 inch, Shadow Black, 2.32 Kg, With MS Office",4.2,Positive
MSI Crosshair 16 HX Intel Core i7 14th Gen 14700HX - (1...,"₹1,39,990","16 Inch, Cosmos Gray, 2.5 Kg",4.6,Positive
HP Victus AMD Ryzen 7 Octa Core 8845HS - (16 GB/512 GB ...,"₹87,990","15.6 Inch, Performance Blue, 2.29 Kg",4.0,Positive
ASUS TUF Gaming A15 AMD Ryzen 7 Octa Core 7435HS - (16 ...,"₹94,990","15.6 Inch, Mecha Gray, 2.20 Kg, With MS Office",4.7,Positive
HP OMEN Intel Core i7 14th Gen 14650HX - (16 GB/1 TB SS...,"₹1,34,990","16.1 inch, Shadow Black, 2.32 Kg, With MS Office",4.0,Positive
Acer Predator Neo Intel Core i7 13th Gen 13700HX - (16 ...,"₹1,04,990","16 Inch, Obsidian Black, 2.6 Kg",4.4,Positive
MSI Katana 17 Intel Core i7 13th Gen 13620H - (16 GB/1 ...,"₹97,990","17.3 Inch, Black, 2.6 Kg",4.5,Positive
HP Victus Intel Core i7 13th Gen 13700H - (16 GB/512 GB...,"₹1,07,999","15.6 Inch, Performance Blue, 2.37 Kg, With MS Office",4.5,Positive
Lenovo LOQ Intel Core i7 13th Gen 13650HX - (24 GB/512 ...,"₹94,990","15.6 inch, Luna Grey, 2.38 Kg, With MS Office",4.3,Positive
"ASUS Vivobook 16X for Creator, Intel Core i7 12th Gen 1...","₹69,990","16 Inch, Cool Silver, 1.80 Kg, With MS Office",4.3,Positive
Colorful XS Series Intel Core i5 12th Gen 12500H - (16 ...,"₹47,990","15.6 Inch, Grey, 1.99 Kg",4.4,Positive
ASUS TUF Gaming A15 AMD Ryzen 7 Octa Core 7435HS - (8 G...,"₹52,990","15.6 inch, Graphite Black, 2.30 Kg",4.2,Positive
Acer Nitro V AMD Ryzen 5 Hexa Core 7535HS - (16 GB/512 ...,"₹56,990","15.6 Inch, Obsidian Black, 2.1 Kg",4.3,Positive
"SpinBot BattleMods X1 Gaming Trigger For PUBG,BGMI,COD,...",₹449,"Black, For Android, iOS",5.0,Positive
Colorful Evol P15 Intel Core i7 13th Gen 13620H - (16 G...,"₹83,990","15.6 Inch, Mist White, 2.4 Kg",4.5,Positive
ASUS TUF Gaming F15 - AI Powered Gaming Intel Core i5 1...,"₹49,990","15.6 inch, Graphite Black, 2.30 Kg, With MS Office",3.8,Negative
Lenovo LOQ AI Powered AMD Ryzen 7 Octa Core 7840HS - (1...,"₹99,490","15.6 Inch, Storm Grey, 2.4 kg, With MS Office",4.0,Positive
Lenovo LOQ Intel Core i5 12th Gen 12450HX - (12 GB/512 ...,"₹58,990","15.6 inch, Luna Grey, 2.38 kg",4.3,Positive
MSI Thin 15 Intel Core i5 13th Gen 13420H - (16 GB/512 ...,"₹56,990","15.6 Inch, Cosmos Gray, 1.86 Kg",4.0,Positive
Acer Predator Helios Neo 16 Intel Core i7 14th Gen 1470...,"₹1,34,990","16 Inch, Abyssal Black, 2.8 Kg",4.5,Positive
Lenovo IdeaPad Gaming 3 Intel Core i7 12th Gen 12700H -...,"₹97,990","16 Inch, Onyx Grey, 2.6 Kg, With MS Office",4.5,Positive
MSI Cyborg 15 Intel Core i5 12th Gen 12450H - (16 GB/51...,"₹56,990","15.6 Inch, Translucent Black, 1.98 Kg",4.6,Positive
MSI Sword 16 HX Intel Core i9 13th Gen 13980HX - (32 GB...,"₹1,32,990","16 Inch, Cosmos Gray, 2.3 Kg, With MS Office",4.0,Positive
MSI Thin 15 Intel Core i5 12th Gen 13420H - (8 GB/512 G...,"₹53,990","15.6 Inch, Cosmos Grey, 1.86 Kg",0.0,Negative
Acer Aspire 7 AMD Ryzen 5 Hexa Core 5500U - (16 GB/512 ...,"₹59,500","15.6 Inch, Black, 2.15 kg",4.4,Positive
ASUS TUF Gaming A16 Advantage Edition AMD Ryzen 7 Octa ...,"₹79,990","16 inch, Off Black, 2.20 Kg",5.0,Positive
MOBIKAMA Combo Pack of Touch smoothly Run Finger Sleeve...,₹170,"Multicolor, For Mac OS",3.9,Negative
Lenovo LOQ AMD Ryzen 5 Quad Core 7235HS - (12 GB/512 GB...,"₹54,990","15.6 Inch, Luna Grey, 2.38 Kg, With MS Office",4.4,Positive
MSI Katana A15 AI AMD Ryzen 7 Octa Core 8845HS - (16 GB...,"₹96,990","15.6 Inch, Black, 2.25 Kg",4.4,Positive
SpinBot Super Conductive Silver-Cloth Mobile Gaming Fin...,₹299,"Grey, For Android, iOS",3.6,Negative
SpinBot BattleMods Argo Six Finger Claw Control with 4 ...,₹784,"Black, For Android, iOS",4.0,Positive
"Elixora IceStorm RGB Gaming Phone Cooler , Silent Cooli...","₹1,419","Multicolor, For Android, iOS",3.8,Negative
Lenovo Legion 5 Intel Core i7 13th Gen 13650HX - (24 GB...,"₹1,12,990","15.6 Inch, Storm Grey, 2.32 Kg, With MS Office",4.6,Positive
GIGABYTE G Series Intel Core i5 13th Gen 13500H - (16 G...,"₹72,990","15.6 inch, Black, 2.08 Kg",5.0,Positive
MSI Crosshair 16 HX Intel Core i7 14th Gen 14700HX - (3...,"₹1,69,990","16 Inch, Cosmos Gray, 2.5 Kg",4.5,Positive
MSI Sword 16 HX Intel Core i7 14th Gen 14700HX - (16 GB...,"₹1,17,990","16 Inch, Cosmos Gray, 2.3 Kg",4.7,Positive
MSI Intel Core i5 12th Gen 12450H - (16 GB/512 GB SSD/W...,"₹82,990","15.6 Inch, Black, 1.86 Kg",4.5,Positive
MSI Crosshair 16 HX Intel Core i7 14th Gen 14700HX - (1...,"₹1,39,990","16 Inch, Cosmos Gray, 2.5 Kg",4.6,Positive
HP Victus AMD Ryzen 7 Octa Core 8845HS - (16 GB/512 GB ...,"₹87,990","15.6 Inch, Performance Blue, 2.29 Kg",4.0,Positive
ASUS ROG Strix G16 with 90WHr Battery Intel HX-Series I...,"₹1,59,990","16 Inch, Gray, 2.50 Kg, With MS Office",4.4,Positive
MSI Sword 16 HX Intel Core i7 13th Gen 13700HX - (16 GB...,"₹1,07,990","16 Inch, Cosmos Gray, 2.3 Kg, With MS Office",4.7,Positive
ASUS TUF Gaming A15 AMD Ryzen 7 Octa Core 7435HS - (16 ...,"₹83,990","15.6 Inch, Mecha Gray, 2.20 Kg",4.5,Positive
"ASUS ROG Zephyrus G16 (2024) - AI PC, with 90W battery,...","₹2,49,990","16 Inch, Platinum White, 1.85 Kg, With MS Office",0.0,Negative
Acer Aspire 7 Intel Core i5 12th Gen 12450H - (16 GB/51...,"₹50,990","15.6 Inch, Charcoal Black, 2.1 Kg",4.1,Positive
ASUS TUF Gaming F15 with 90WHr Battery Intel Core i5 11...,"₹72,990","15.6 Inch, Graphite Black, 2.30 Kg",4.4,Positive
TooHype Shooter Controller Gaming Trigger Fire Free But...,₹189,"Black, Red, For Android, iOS",3.6,Negative
PORTLIX Finger Sleeve For PUBG/FREE FIRE/CALL OF DUTY a...,₹150,"Black&Blue, For Android, iOS",4.1,Positive
Lenovo LOQ AI Powered AMD Ryzen 7 Octa Core 7840HS - (1...,"₹75,990","15.6 Inch, Storm Grey, 2.4 kg, With MS Office",4.2,Positive
Lenovo LOQ AI Powered AMD Ryzen 7 Octa Core 7840HS - (1...,"₹1,09,990","15.6 Inch, Storm Grey, 2.4 kg, With MS Office",4.0,Positive
ASUS TUF Gaming A15 AMD Ryzen 7 Octa Core 7435HS - (16 ...,"₹59,900","15.6 Inch, Graphite Black, 2.30 Kg, With MS Office",4.0,Positive
Aced M2 PUBG Triggers for Mobile Gaming for BGMI/Free F...,₹798,"Black, For Android, iOS",3.9,Negative
Acer Nitro V AMD Ryzen 5 Hexa Core 7535HS - (16 GB/512 ...,"₹56,990","15.6 Inch, Obsidian Black, 2.1 Kg",4.3,Positive
ASUS TUF Gaming A15 AMD Ryzen 5 Hexa Core 7535HS - (16 ...,"₹55,990","15.6 Inch, Graphite Black, 2.30 Kg",4.4,Positive
Elixora F1 RGB Gaming Phone Cooler - Silent 0° Cooler f...,"₹1,159","Black, For Android, iOS",3.5,Negative
"MJ Hub Pubg Anti-Slip Thumb Sleeve, Slip-Proof Sweat-Pr...",₹149,"Black, For Android, iOS",3.5,Negative
nihit PUBG Shooter Controller Gaming Trigger Fire Free ...,₹299,"Red, Black, For Android, iOS",4.2,Positive
MSI Katana GF66 Intel Core i7 12th Gen 12650H - (8 GB/5...,"₹84,990","15.6 Inch, Black, 2.25 Kg",4.4,Positive
"Aliens Mobile Cooler Gaming Fan, Applicable Mobile Phon...",₹854,"Yellow, For Android, iOS",5.0,Positive
Lenovo LOQ Intel Core i5 12th Gen 12450HX - (12 GB/512 ...,"₹58,990","15.6 inch, Luna Grey, 2.38 kg",4.3,Positive
WRADER High Quality Finger Sleeves with Pouch for Free ...,₹200,"Black & Blue, For Android, iOS",3.6,Negative
"Cubonic AK02 PUBG Mobile Controller, Game Trigger Fire ...","₹1,199","Greyish Blue, For Android, iOS",3.7,Negative
MSI Thin 15 Intel Core i5 13th Gen 13420H - (16 GB/512 ...,"₹56,990","15.6 Inch, Cosmos Gray, 1.86 Kg",4.0,Positive
We Desi Stuff Gta Mousepad | Gaming Mousepad Mousepad,₹211,Multicolor,4.0,Positive
ASUS Vivobook Pro 15 OLED Intel Core i5 12th Gen 12450H...,"₹84,795","15.6 Inch, Quiet Blue, 1.80 kg, With MS Office",4.4,Positive
"ASUS Vivobook Pro 16 OLED For Creator, Intel H-Series I...","₹1,35,990","16 Inch, Quiet Blue, 1.90 Kg, With MS Office",4.2,Positive
"Zusix F-25 Mobile Radiator Cooling Fan, Semiconductor T...",₹963,"Black, For Android, iOS",3.4,Negative
Spinfluencs Shoot/Aim Buttons R1 L1 Mobile Gaming Trigg...,₹190,"Black, For Android, iOS",3.8,Negative
MSI Cyborg 15 Intel Core i5 12th Gen 12450H - (16 GB/51...,"₹56,990","15.6 Inch, Translucent Black, 1.98 Kg",4.6,Positive
AMD Ryzen 5 5600G 3.9 GHz Upto 4.4 GHz AM4 Socket 6 Cor...,"₹12,439",Grey,4.5,Positive
"TEWENT Pubg Anti-Slip Thumb Sleeve, Slip-Proof Sweat-Pr...",₹149,"Black, For iOS, Android",3.9,Negative
Lenovo IdeaPad Gaming 3 AMD Ryzen 5 Hexa Core AMD R5-56...,"₹47,990","15.6 inch, Shadow Black, 2.25 kg",4.4,Positive
"Cubonic Magnetic Phone Cooler Fan, RGB Portable Radiato...","₹1,199","Black, For Android, iOS",4.1,Positive
"Elixora IceStorm RGB Gaming Phone Cooler , Silent Cooli...","₹1,419","Multicolor, For Android, iOS",3.8,Negative
Cubonic AK02 PUBG Mobile Gaming wireless Controller For...,₹976,"Greyish Blue, For Android, iOS",3.3,Negative
Mukul Pubg seleevs  Gaming Accessory Kit,₹195,"Black, For Android, iOS",3.4,Negative
"Zusix SL-01 Mobile Radiator Cooling Fan, Semiconductor ...","₹1,103","Black, For Android, iOS",3.5,Negative
WRADER High Quality Finger Sleeves with Pouch for Free ...,₹499,"Black, For Android, iOS",4.7,Positive
MSI Sword 16 HX Intel Core i9 13th Gen 13980HX - (32 GB...,"₹1,32,990","16 Inch, Cosmos Gray, 2.3 Kg, With MS Office",4.0,Positive
Bestor Dual-Sided Multifunctional Desk Pad For PC/LAPTO...,₹699,Silver&Grey,4.5,Positive
MSI Stealth Intel Core i7 8th Gen 8750H - (16 GB/512 GB...,"₹1,84,790","15.6 inch, Black, 1.88 kg",4.8,Positive
Cubonic AK02 PUBG Mobile Gaming wireless Controller For...,₹963,"Black, For Android, iOS",3.3,Negative
Kreo Iceberg Compact Mobile Cooler for Android/IOS Smar...,₹999,"Black, For Android, iOS",4.0,Positive
Lenovo LOQ AMD Ryzen 5 Quad Core 7235HS - (12 GB/512 GB...,"₹54,990","15.6 Inch, Luna Grey, 2.38 Kg, With MS Office",4.4,Positive
Inorvo Combo pack of [2 Pair] PUBG Finger sleeve [2 Pai...,₹449,"Blue, Black, For Android",3.7,Negative
rich hood HIGH QUALITY FINGER GLOVES Mobile Game Contro...,₹139,"Black, For Android, iOS",3.8,Negative
MSI Katana 15 Intel Core i9 13th Gen 13900H - (16 GB/1 ...,"₹1,28,690","15.6 Inch, Black, 2.25 Kg",4.3,Positive
"TEWENT Pubg Anti-Slip Thumb Yellow Sleeve, Slip-Proof S...",₹149,"Black, For iOS, Android",4.0,Positive
AMD Ryzen 5 8500G 3.5 GHz Upto 5 GHz AM5 Socket 6 Cores...,"₹14,759",Silver,4.6,Positive
"Cubonic X76 Wired Magnetic Mobile Cooler, Gaming Fan, E...","₹1,199",Black,4.2,Positive
"ENTWINO WARRIOR Gaming Cabinet,Supports 7 RGB Fans,Temp...","₹7,999",Black,3.6,Negative
Viraan combo pack of 1 POUCH and 2 pair finger sleeves ...,₹179,"Red&Black Triggers, Black Finger Sleeves, Black Pouch, For Android",3.3,Negative
Acer Nitro V AMD Ryzen 5 Hexa Core 7535HS - (16 GB/512 ...,"₹56,990","15.6 Inch, Obsidian Black, 2.1 Kg",4.3,Positive
ASUS TUF Gaming A15 AMD Ryzen 5 Hexa Core 7535HS - (16 ...,"₹55,990","15.6 Inch, Graphite Black, 2.30 Kg",4.4,Positive
DELL Intel Core i7 13650HX - (16 GB/512 GB SSD/Windows ...,"₹1,19,890","15.6 Inch, Dark Shadow Grey, 3.31 Kg, With MS Office",5.0,Positive
MSI GF63 Intel Core i7 11th Gen 11800H - (16 GB/512 GB ...,"₹89,990","15.6 Inch, Black, 1.86 Kg",4.3,Positive
MSI GP Intel Core i7 7th Gen 7700HQ - (16 GB/1 TB HDD/1...,"₹1,12,990","15.6 inch, Black, 2.4 kg",4.8,Positive
HP Victus AMD Ryzen 7 Octa Core 5800H - (8 GB/512 GB SS...,"₹74,499","16.1 inch, Mica Silver, 2.48 kg, With MS Office",4.1,Positive
"Aliens Mobile Cooler Gaming Fan, Applicable Mobile Phon...",₹854,"Yellow, For Android, iOS",5.0,Positive
Lenovo LOQ Intel Core i5 12th Gen 12450HX - (12 GB/512 ...,"₹58,990","15.6 inch, Luna Grey, 2.38 kg",4.3,Positive
MSI GP66 Leopard Intel Core i7 11th Gen 11800H - (16 GB...,"₹1,29,990","15.6 inch, Black, 2.38 kg",4.5,Positive
MSI GF63 Thin Intel Core i7 9th Gen 9750H - (8 GB/512 G...,"₹66,490","15.6 inch, Black, 1.86 kg",4.5,Positive
MSI Thin 15 Intel Core i5 13th Gen 13420H - (16 GB/512 ...,"₹56,990","15.6 Inch, Cosmos Gray, 1.86 Kg",4.0,Positive
We Desi Stuff Gta Mousepad | Gaming Mousepad Mousepad,₹211,Multicolor,4.0,Positive
MSI Pulse GL66 Intel Core i7 11th Gen 11800H - (16 GB/1...,"₹1,13,990","15.6 inches, Grey, 2.25 kg",4.5,Positive
HP Victus Intel Core i7 12th Gen 12650H - (16 GB/512 GB...,"₹94,990","15.6 Inch, Mica Silver, 2.37 kg, With MS Office",4.1,Positive
Lenovo Ideapad Gaming 3i Intel Core i5 10th Gen 10300H ...,"₹68,990","15.6 inch, Onyx Black, 2.2 kg",4.4,Positive
"ASUS Vivobook 16X For Creator, Intel H Series Intel Cor...","₹67,990","16 Inch, Indie Black, 1.80 Kg, With MS Office",4.2,Positive
MSI Cyborg 15 Intel Core i5 12th Gen 12450H - (16 GB/51...,"₹56,990","15.6 Inch, Translucent Black, 1.98 Kg",4.6,Positive
AMD Ryzen 5 5600G 3.9 GHz Upto 4.4 GHz AM4 Socket 6 Cor...,"₹12,439",Grey,4.5,Positive
Acer Predator Helios 300 Intel Core i7 11th Gen 11800H ...,"₹1,17,990","15.6 inch, Abyssal Black, 2.3 kg",4.4,Positive
MSI Cyborg 15 AI PC Intel Core Ultra 7 155H - (16 GB/1 ...,"₹1,04,990","15.6 Inch, Translucent Black, 1.9 Kg",4.0,Positive
"Cubonic Magnetic Phone Cooler Fan, RGB Portable Radiato...","₹1,199","Black, For Android, iOS",4.1,Positive
"Elixora IceStorm RGB Gaming Phone Cooler , Silent Cooli...","₹1,419","Multicolor, For Android, iOS",3.8,Negative
Acer Predator Helios 300 Intel Core i5 8th Gen 8300H - ...,"₹74,590","15.6 inch, Obsidian Black, 2.5 kg",4.6,Positive
Acer AMD Ryzen 7 Octa Core 8845HS - (16 GB/1 TB SSD/Win...,"₹1,14,990","16 Inch, Obsidian Black, 2.1 Kg",4.7,Positive
ASUS ROG Strix G15 AMD Ryzen 7 Octa Core 6800HS - (16 G...,"₹78,190","15.6 Inch, Eclipse Gray, 2.10 Kg",4.3,Positive
MSI Creator Z16 Intel Core i9 11th Gen 11900H - (16 GB/...,"₹1,72,990","16 inch, Lunar Gray, 2.2 kg",4.1,Positive
MSI Sword 16 HX Intel Core i9 13th Gen 13980HX - (32 GB...,"₹1,32,990","16 Inch, Cosmos Gray, 2.3 Kg, With MS Office",4.0,Positive
Bestor Dual-Sided Multifunctional Desk Pad For PC/LAPTO...,₹699,Silver&Grey,4.5,Positive
ASUS VivoBook Gaming Intel Core i5 8th Gen 8300H - (8 G...,"₹52,990","15.6 inch, Star Black, 2.14 kg",4.3,Positive
HP OMEN AI PC Intel Core Ultra 7 155H - (16 GB/1 TB SSD...,"₹1,51,990","14 inch, Shadow Black, 1.63 kg, With MS Office",4.7,Positive
Kreo Iceberg Compact Mobile Cooler for Android/IOS Smar...,₹999,"Black, For Android, iOS",4.0,Positive
Lenovo LOQ AMD Ryzen 5 Quad Core 7235HS - (12 GB/512 GB...,"₹54,990","15.6 Inch, Luna Grey, 2.38 Kg, With MS Office",4.4,Positive
Lenovo Legion 7 Intel Core i9 14th Gen 14900HX - (32 GB...,"₹2,09,490","16 Inch, Eclipse Black, 2.24 kg, With MS Office",4.5,Positive
ASUS Vivobook Gaming Intel Core i5 9th Gen - (8 GB/512 ...,"₹54,990","15.6 inch, Star Black, 2.14 Kg, With MS Office",4.3,Positive
ASUS TUF Gaming F15 Intel Core i9 11th Gen 11900H - (16...,"₹1,12,990","15.6 inch, Eclipse Gray, 2.30 kg, With MS Office",4.2,Positive
DELL G3 Intel Core i7 10th Gen 10750H - (16 GB/512 GB S...,"₹1,03,790","15.6 inch, Black, 2.3 kg, With MS Office",3.9,Negative
AMD Ryzen 5 8500G 3.5 GHz Upto 5 GHz AM5 Socket 6 Cores...,"₹14,759",Silver,4.6,Positive
"Cubonic X76 Wired Magnetic Mobile Cooler, Gaming Fan, E...","₹1,199",Black,4.2,Positive
Lenovo Legion 7i Intel Core i7 10th Gen 10875H - (16 GB...,"₹1,26,590","15.6 inch, Slate Grey, 2.25 kg, With MS Office",3.8,Negative
Acer Aspire 7 Intel Core i5 12th Gen 1240P - (8 GB/512 ...,"₹69,990","15.6 Inch, Shadow Black",4.2,Positive
"Bestor Ultra-Low Friction Gaming Mat, Anti-Slip Base, H...",₹199,Black,4.3,Positive
Cranique Sleeve for PS5 Gaming Console Playstation 5 Di...,₹299,"Grey, Waterproof, Pack of: 1",4.4,Positive
WILDBRAIN Combo pack of touch smoothly run finger sleev...,₹228,"Red&Black, For Android",3.6,Negative
Ruhi Collection Free Fire /Call of Duty/PubG Mobile Gam...,₹145,"Black, For Android",4.1,Positive
RPM Euro Games Finger Sleeves For Mobile Gaming Anti-Sw...,₹269,"Black, For Android, iOS",3.8,Negative
TEWENT finger sleeves for pubg  Gaming Accessory Kit,₹153,"Black, Yellow, For Android, iOS",3.8,Negative
EVOFOX Frost 15.6 inches with blue LED 2 Fan Cooling Pa...,₹879,Grey,4.3,Positive
AMD Ryzen 5 5600G 3.9 GHz Upto 4.4 GHz AM4 Socket 6 Cor...,"₹12,439",Grey,4.5,Positive
Lenovo IdeaPad Gaming 3 AMD Ryzen 5 Hexa Core 7535HS - ...,"₹70,990","15.6 Inch, Onyx Grey, 2.32 Kg, With MS Office",4.3,Positive
AFOD T1 PUBG Triggers for Mobile Gaming for BGMI/Free F...,₹798,"Black, For Android, iOS",4.0,Positive
AMD Ryzen 5 8500G 3.5 GHz Upto 5 GHz AM5 Socket 6 Cores...,"₹14,759",Silver,4.6,Positive
AMD Ryzen 5 5600GT 3.6 GHz AM4 Socket 6 Cores 12 Thread...,"₹12,959",Silver,4.5,Positive
Lenovo LOQ Intel Core i5 12th Gen 12450H - (16 GB/512 G...,"₹92,999","15.6 Inch, Storm Grey, 2.4 kg, With MS Office",4.3,Positive
Cubonic Auto Gun Red Thorn M16 PUBG Wireless Controller...,₹699,"Black, For Android, iOS",3.7,Negative
Mopslik PUBG Mobile Game Metal Controller Joystick Mobi...,₹240,"Silver, For PC",3.5,Negative
SARASI Super Anti-Sweat & Breathable Sleeve PUBG & FREE...,₹295,"Black, For Android",3.9,Negative
"Elixora IceStorm RGB Gaming Phone Cooler , Silent Cooli...","₹1,419","Multicolor, For Android, iOS",3.8,Negative
We Desi Stuff Gta Mousepad | Gaming Mousepad Mousepad,₹211,Multicolor,4.0,Positive
Viraan Combo pack of 2 pair finger sleeves and Shark Sh...,₹340,"Blue Trigger, Black Sleeves, For iOS, Android",4.0,Positive
Hgworld PS4 Controller Wireless Best Alternative to Pla...,"₹1,264","Blue, For PS4, PC, Windows 10",3.9,Negative
"Cubonic Magnetic Phone Cooler Fan, RGB Portable Radiato...","₹1,199","Black, For Android, iOS",4.1,Positive
AMD Ryzen 7 9700X 3.8 GHz Upto 5.5 GHz AM5 Socket 8 Cor...,"₹36,219",Silver,5.0,Positive
Hgworld PS4 Controller Wireless Best Alternative to Pla...,"₹1,092","White, For PS4, PC, Windows 10",3.9,Negative
Acer Nitro V Intel Core i7 13th Gen 13620H - (16 GB/1 T...,"₹91,980","15.6 inch, Obsidian Black, 2.1 Kg",3.4,Negative
HP Victus AMD Ryzen 7 Octa Core 6800H - (16 GB/512 GB S...,"₹74,990","16.1 Inch, Mica Silver, 2.48 Kg, With MS Office",4.3,Positive
HP Victus AMD Ryzen 5 Hexa Core 5600H - (8 GB/512 GB SS...,"₹57,800","15.6 inch, Mica Silver, 2.37 kg, With MS Office",4.1,Positive
ASUS TUF Gaming A15 AMD Ryzen 7 Octa Core 7435HS - (8 G...,"₹52,990","15.6 inch, Graphite Black, 2.30 Kg",4.2,Positive
AMD Ryzen 5 7600 3.8 GHz Upto 5.1 GHz AM5 Socket 6 Core...,"₹19,269",Silver,4.6,Positive
Acer Nitro V Intel Core i5 13th Gen 13420H - (16 GB/512...,"₹79,990","15.6 Inch, Shale Black, 2.1 kg",4.3,Positive
"Zusix K10 Mobile Radiator Cooling Fan, Semiconductor Te...",₹998,"White, For Android, iOS",4.3,Positive
Bestor Dual-Sided Multifunctional Desk Pad For PC/LAPTO...,₹699,Silver&Grey,4.5,Positive
"Cubonic X76 Wired Magnetic Mobile Cooler, Gaming Fan, E...","₹1,199",Black,4.2,Positive
Extreme One Handed Gaming Keyboard Mouse for Mobile  Ga...,"₹3,009","Black, For Android, Mac OS, PC, iOS",3.7,Negative
Lenovo IdeaPad Gaming 3 AMD Ryzen 5 Hexa Core AMD R5-56...,"₹69,990","15.6 inch, Shadow Black, 2.25 kg, With MS Office",4.3,Positive
ASUS Intel Core i5 11th Gen - (8 GB/512 GB SSD/Windows ...,"₹57,624","15.6 inch, Black, With MS Office",4.1,Positive
"ELEPHANTBOAT Phone Cooler Gaming Fan, 3 Speed Adjustabl...","₹1,117","Black, For Android, iOS",3.6,Negative
"Bestor PU Vegan Leather Mouse Pad, Reversible use, Suit...",₹229,Blue&Tan,4.2,Positive
STORITE RGB Gaming Mouse Pad with 14 LED Lighting Modes...,₹799,Black,4.4,Positive
NoddyHuB AIR-D  Gaming Accessory Kit,₹241,"White, For Android, iOS",3.5,Negative
"QuiteFit Combo 4pcs PubG Finger Sleeve, 2 EarPhone Pouc...",₹189,"Black, For Android, iOS",3.8,Negative
"Bestor Ultra-Low Friction Gaming Mat, Anti-Slip Base, H...",₹199,Black,4.3,Positive
Cranique Sleeve for PS5 Gaming Console Playstation 5 Di...,₹299,"Grey, Waterproof, Pack of: 1",4.4,Positive
LAPCARE DCX-A101 2 Fan Cooling Pad,₹649,"Red&Black, For Android",4.2,Positive
Flipkart SmartBuy FKSBCPK17 2 Fan Cooling Pad,₹749,"Black, For Android",4.2,Positive
"STRIFF Extended Size(800mmx300mmx3mm)Gaming Mouse Pad,N...",₹191,"Black, For Android, iOS",4.4,Positive
SpinBot GS-1P  Gaming Accessory Kit,₹215,"Black, Yellow, For Android, iOS",3.9,Negative
EVOFOX Frost 15.6 inches with blue LED 2 Fan Cooling Pa...,₹879,Grey,4.3,Positive
AMD Ryzen 5 5600G 3.9 GHz Upto 4.4 GHz AM4 Socket 6 Cor...,"₹12,439",Grey,4.5,Positive
EVOFOX Elite X Wireless USB  Gamepad,"₹1,699","15.6 Inch, Onyx Grey, 2.32 Kg, With MS Office",4.3,Positive
spincart Large Gaming XXL Extended Mouse Pad with Nonsl...,₹199,"Black, For Android, iOS",4.5,Positive
AMD Ryzen 5 8500G 3.5 GHz Upto 5 GHz AM5 Socket 6 Cores...,"₹14,759",Silver,4.6,Positive
AMD Ryzen 5 5600GT 3.6 GHz AM4 Socket 6 Cores 12 Thread...,"₹12,959",Silver,4.5,Positive
EVOFOX Elite X Wireless  Gamepad,"₹1,699","15.6 Inch, Storm Grey, 2.4 kg, With MS Office",4.3,Positive
STRIFF Gel Wrist Support Mouse pad Gaming Mouse Pad wit...,₹199,"Black, For Android, iOS",4.3,Positive
Ant Esports VS450L 450 Watts PSU,"₹1,880","Silver, For PC",4.3,Positive
PS5 - Uncharted : Legacy Of Thieves collection,"₹1,499","Black, For Android",4.6,Positive
"Elixora IceStorm RGB Gaming Phone Cooler , Silent Cooli...","₹1,419","Multicolor, For Android, iOS",3.8,Negative
"Cubonic Magnetic Phone Cooler Fan, RGB Portable Radiato...","₹1,199",Multicolor,4.1,Positive
"The Last of Us (Part II, PS4) (Standard+ Edition)","₹1,399","Blue Trigger, Black Sleeves, For iOS, Android",4.4,Positive
ZEBRONICS ZEB-NC3300 2 Fan Cooling Pad,₹599,"Blue, For PS4, PC, Windows 10",4.1,Positive
We Desi Stuff Gta Mousepad | Gaming Mousepad Mousepad,₹211,"Black, For Android, iOS",4.0,Positive
AMD Ryzen 7 9700X 3.8 GHz Upto 5.5 GHz AM5 Socket 8 Cor...,"₹36,219",Silver,5.0,Positive
STRIFF Mousepad_Black_Packof2 Mousepad,₹165,"White, For PS4, PC, Windows 10",4.4,Positive
"GTPLAYER #1 USA Gaming Chair | Massage Pillow, Footrest...","₹10,999","15.6 inch, Obsidian Black, 2.1 Kg",4.5,Positive
"GTPLAYER #1 USA Gaming Chair | Massage Pillow, Footrest...","₹10,999","16.1 Inch, Mica Silver, 2.48 Kg, With MS Office",4.5,Positive
"STRIFF Extended Size(800mmx300mmx3mm)Gaming Mouse Pad,N...",₹226,"15.6 inch, Mica Silver, 2.37 kg, With MS Office",4.4,Positive
ASUS TUF Gaming A15 AMD Ryzen 7 Octa Core 7435HS - (8 G...,"₹52,990","15.6 inch, Graphite Black, 2.30 Kg",4.2,Positive
AMD Ryzen 5 7600 3.8 GHz Upto 5.1 GHz AM5 Socket 6 Core...,"₹19,269",Silver,4.6,Positive
ZOTAC NVIDIA GeForce RTX 3060 Twin Edge 12 GB GDDR6 Gra...,"₹26,947","15.6 Inch, Shale Black, 2.1 kg",4.5,Positive
"GTPLAYER #1 USA Gaming Chair | Massage Pillow, Footrest...","₹10,999","White, For Android, iOS",4.5,Positive
Bestor Dual-Sided Multifunctional Desk Pad For PC/LAPTO...,₹699,Silver&Grey,4.5,Positive
"Cubonic X76 Wired Magnetic Mobile Cooler, Gaming Fan, E...","₹1,199",Black,4.2,Positive
EVOFOX Frost 15.6 inches with blue LED 2 Fan Cooling Pa...,₹879,"Black, For Android, Mac OS, PC, iOS",4.3,Positive
Red Dead Redemption 2,"₹2,199","15.6 inch, Shadow Black, 2.25 kg, With MS Office",4.4,Positive
SONY DualShock 4 Wireless Controller Bluetooth  Gamepad,"₹4,849","15.6 inch, Black, With MS Office",4.1,Positive
ZOTAC NVIDIA GAMING GEFORCE RTX 3050 ECO 8 GB GDDR6 Gra...,"₹21,316","Black, For Android, iOS",4.5,Positive
"Bestor PU Vegan Leather Mouse Pad, Reversible use, Suit...",₹229,Blue&Tan,4.2,Positive
STORITE RGB Gaming Mouse Pad with 14 LED Lighting Modes...,₹799,Black,4.4,Positive
GREEN SOUL Monster Ult. (T) Multi-Functional Ergonomic ...,"₹19,699","White, For Android, iOS",4.5,Positive
Ant Esports VS600L 600 Watts PSU,"₹2,421","Black, For Android, iOS",4.4,Positive
Acer Nitro V AMD Ryzen 5 Hexa Core 7535HS - (16 GB/512 ...,₹199,Black,4.3,Positive
ASUS TUF Gaming A15 AMD Ryzen 5 Hexa Core 7535HS - (16 ...,₹299,"Grey, Waterproof, Pack of: 1",4.4,Positive
ZEBRONICS NVIDIA ZEB-GT610 2 GB DDR3 Graphics Card,₹649,"Red&Black, For Android",3.9,Negative
Drogo Multi-Purpose Ergonomic Gaming Chair with Adjusta...,₹749,"Black, For Android",4.6,Positive
EVOFOX Elite Play Wireless Controller with Touch Panel ...,₹191,"Black, For Android, iOS",4.1,Positive
TECHON  TV-out Cable Cable 1.5 M 15 Pin VGA Cable for L...,₹215,"Black, Yellow, For Android, iOS",3.6,Negative
"Aliens Mobile Cooler Gaming Fan, Applicable Mobile Phon...",₹879,Grey,5.0,Positive
Lenovo LOQ Intel Core i5 12th Gen 12450HX - (12 GB/512 ...,"₹12,439",Grey,4.3,Positive
GIGABYTE NVIDIA GeForce RTX 3060 pci_e_x16 WINDFORCE OC...,"₹1,699","15.6 Inch, Onyx Grey, 2.32 Kg, With MS Office",4.7,Positive
Technology Ahead  TV-out Cable OPTICAL CABLE BLACK 1.5M,₹199,"Black, For Android, iOS",4.1,Positive
MSI Thin 15 Intel Core i5 13th Gen 13420H - (16 GB/512 ...,"₹14,759",Silver,4.0,Positive
MSI Cyborg 15 Intel Core i5 12th Gen 12450H - (16 GB/51...,"₹12,959",Silver,4.6,Positive
AMD Ryzen 5 3400G with Radeon RX Vega 11 Graphics & Wra...,"₹1,699","15.6 Inch, Storm Grey, 2.4 kg, With MS Office",3.7,Negative
RAEGR RapidCool 900 Aluminum Laptop Cooling Pad with Mu...,₹199,"Black, For Android, iOS",4.0,Positive
DARSHANAM WORLD Gaming Mat Anti-Slip Base High Durabili...,"₹1,880","Silver, For PC",4.4,Positive
EVOFOX Elite Play Wireless Controller with Touch Panel ...,"₹1,499","Black, For Android",4.1,Positive
AMD Ryzen 5 5600G 3.9 GHz Upto 4.4 GHz AM4 Socket 6 Cor...,"₹1,419","Multicolor, For Android, iOS",4.5,Positive
We Desi Stuff Gta Mousepad | Gaming Mousepad Mousepad,"₹1,199",Multicolor,4.0,Positive
AMD Ryzen 9 7950X 4.5 GHz Upto 5.7 GHz AM5 Socket 16 Co...,"₹1,399","Blue Trigger, Black Sleeves, For iOS, Android",3.5,Negative
ZOTAC NVIDIA GeForce RTX 4060 Ti Twin Edge 8 GB GDDR6 G...,₹599,"Blue, For PS4, PC, Windows 10",4.8,Positive
"Cubonic Magnetic Phone Cooler Fan, RGB Portable Radiato...",₹211,"Black, For Android, iOS",4.1,Positive
"Elixora IceStorm RGB Gaming Phone Cooler , Silent Cooli...","₹36,219",Silver,3.8,Negative
Logitech Gamepad F310,₹165,"White, For PS4, PC, Windows 10",4.5,Positive
AMD Ryzen 5 5500GT 3.6 GHz AM4 Socket 6 Cores 12 Thread...,"₹10,999","15.6 inch, Obsidian Black, 2.1 Kg",4.5,Positive
"Etake Large Gaming Mouse Pad with Nonslip Base, Waterpr...","₹10,999","16.1 Inch, Mica Silver, 2.48 Kg, With MS Office",4.4,Positive
Intel i5 3570 3.4 GHz Upto 4 GHz LGA 1155 Socket 4 Core...,₹226,"15.6 inch, Mica Silver, 2.37 kg, With MS Office",4.0,Positive
MSI Sword 16 HX Intel Core i9 13th Gen 13980HX - (32 GB...,"₹52,990","15.6 inch, Graphite Black, 2.30 Kg",4.0,Positive
Bestor Dual-Sided Multifunctional Desk Pad For PC/LAPTO...,"₹19,269",Silver,4.5,Positive
PS5 Grand Theft Auto V,"₹26,947","15.6 Inch, Shale Black, 2.1 kg",4.5,Positive
Frontech NVIDIA GT 610 | 64 Bits PCIe 2.0 | High Effici...,"₹10,999","White, For Android, iOS",4.0,Positive
Kreo Iceberg Compact Mobile Cooler for Android/IOS Smar...,₹699,Silver&Grey,4.0,Positive
Lenovo LOQ AMD Ryzen 5 Quad Core 7235HS - (12 GB/512 GB...,"₹1,199",Black,4.4,Positive
Intel i7-12700 4.9 GHz Upto 4.9 GHz LGA1700 Socket 12 C...,₹879,"Black, For Android, Mac OS, PC, iOS",4.5,Positive
GREEN SOUL Beast Gaming Ergonomic|Gaming & WFH|3D Armre...,"₹2,199","15.6 inch, Shadow Black, 2.25 kg, With MS Office",4.4,Positive
TECHON  TV-out Cable Hdmi To Vga Converter Adapter Cabl...,"₹4,849","15.6 inch, Black, With MS Office",3.6,Negative
Marvel's Spider Man (Game of the Year Edition),"₹21,316","Black, For Android, iOS",4.4,Positive
AMD Ryzen 5 8500G 3.5 GHz Upto 5 GHz AM5 Socket 6 Cores...,₹229,Blue&Tan,4.6,Positive
STORITE RGB Gaming Mouse Pad with 14 LED Lighting Modes...,₹799,Black,4.4,Positive
Kreo Frost Mobile Cooler for Android/iOS Smartphones  G...,"₹19,699","White, For Android, iOS",3.7,Negative
Nicholas Waterproof Non skid mousepad Mousepad (Multico...,"₹2,421","Black, For Android, iOS",4.2,Positive
ASUS TUF Gaming A15 AMD Ryzen 7 Octa Core 7435HS - (8 G...,"₹52,990","15.6 inch, Graphite Black, 2.30 Kg",4.2,Positive
Acer Nitro V AMD Ryzen 5 Hexa Core 7535HS - (16 GB/512 ...,"₹56,990","15.6 Inch, Obsidian Black, 2.1 Kg",4.3,Positive
Intel Core i5 3570 Best Performance 3rd Generation 3.4 ...,"₹2,200",Silver,4.0,Positive
GREEN SOUL Raptor_Black_2.0_FK Raptor 2.0 Multi-Functio...,"₹11,999",Black,4.4,Positive
Drogo Multi-Purpose Ergonomic Gaming Chair with Adjusta...,"₹16,990",Maroon,4.6,Positive
AMD Ryzen7 7800X 3D 4.2 GHz AM5 Socket 8 Cores Desktop ...,"₹45,769",Silver,4.0,Positive
"Aliens Mobile Cooler Gaming Fan, Applicable Mobile Phon...",₹854,"Yellow, For Android, iOS",5.0,Positive
Lenovo LOQ Intel Core i5 12th Gen 12450HX - (12 GB/512 ...,"₹58,990","15.6 inch, Luna Grey, 2.38 kg",4.3,Positive
GREEN SOUL Monster Ult. (S) Multi-Functional Ergonomic ...,"₹19,699","Black, White",4.4,Positive
Intel Core i5 13400F (6 Performance Cores and 4 Efficie...,"₹17,299",blue-(Graphics Card Required for Display),4.4,Positive
We Desi Stuff Gta Mousepad | Gaming Mousepad Mousepad,₹211,Multicolor,4.0,Positive
MSI Thin 15 Intel Core i5 13th Gen 13420H - (16 GB/512 ...,"₹56,990","15.6 Inch, Cosmos Gray, 1.86 Kg",4.0,Positive
Portronics Cool XG Instant Magnetic Mobile Cooler With ...,₹899,"Black, For Android, iOS",4.3,Positive
GREEN SOUL Beast Gaming Ergonomic Chair|Gaming & WFH|3D...,"₹15,699","Black, Yellow",4.4,Positive
OTHER  TV-out Cable 5 meter Stereo AUX 3.5mm male Jack ...,₹285,"Black, For Home Theater",4.0,Positive
Cosmic Byte Meteroid RGB Cooling Pad,"₹1,999",Blue,4.3,Positive
AMD Ryzen 5 5600G 3.9 GHz Upto 4.4 GHz AM4 Socket 6 Cor...,"₹12,439",Grey,4.5,Positive
"Cubonic Magnetic Phone Cooler Fan, RGB Portable Radiato...","₹1,199","Black, For Android, iOS",4.1,Positive
"Ant Esports SI25 Support ATX, Micro- ATX, Mini-ITX | Pr...","₹1,841",Black,4.1,Positive
MICROSOFT Wireless Controller Bluetooth  Gamepad,"₹5,239","CNTRLLR BLACK, For Xbox One, Xbox Series X, Xbox Series S",4.6,Positive
MSI Cyborg 15 Intel Core i5 12th Gen 12450H - (16 GB/51...,"₹56,990","15.6 Inch, Translucent Black, 1.98 Kg",4.6,Positive
"Elixora IceStorm RGB Gaming Phone Cooler , Silent Cooli...","₹1,419","Multicolor, For Android, iOS",3.8,Negative
"COOLER MASTER MWE 450 Bronze V2 230v, 80 Plus Bronze Ce...","₹3,349",Black,4.5,Positive
DWH Wireless Controller compatible with Playstation 4 P...,₹999,"Black, For PS4",3.8,Negative
GREEN SOUL Monster Ult. (S) Multi-Functional Ergonomic ...,"₹19,699","Black, Red",4.4,Positive
NINTENDO Switch OLED Console with Neon Blue Neon Red Jo...,"₹27,490","Black, No, but compatible with additional Joy-Con or Pro Controller (sold separately)",4.6,Positive
Bestor Dual-Sided Multifunctional Desk Pad For PC/LAPTO...,₹699,Silver&Grey,4.5,Positive
Kreo Iceberg Compact Mobile Cooler for Android/IOS Smar...,₹999,"Black, For Android, iOS",4.0,Positive
GREEN SOUL Monster Ult. (S) Multi-Functional Ergonomic ...,"₹19,699",Black,4.4,Positive
Hgworld Playstation Dualshock4 Wireless Gamepad | High ...,"₹1,278","Cyberpunk, Vibration Feedback Remote Play, For Sony Slim&Pro&Phat Gaming Joystick, For PS4, PC",4.0,Positive
STORITE RGB Gaming Mouse Pad with 14 LED Lighting Modes...,₹799,Black,4.4,Positive
"Cubonic X76 Wired Magnetic Mobile Cooler, Gaming Fan, E...","₹1,199",Black,4.2,Positive
Cricket 24,"₹2,188",for PS5,4.4,Positive
EVOFOX Elite Ops Wireless with Type C Charging USB  Gam...,"₹1,499","Grey, For Android, PC, PS3",4.0,Positive
GREEN SOUL Beast Gaming Ergonomic Chair|Gaming & WFH|3D...,"₹15,699","Black, White",4.4,Positive
"Frontech PS-0006 SMPS Compliant with ATX 12V, 20/24 Pin...","₹1,049",Black,4.0,Positive
AMD Ryzen 5 8500G 3.5 GHz Upto 5 GHz AM5 Socket 6 Cores...,"₹14,759",Silver,4.6,Positive
Lenovo LOQ AMD Ryzen 5 Quad Core 7235HS - (12 GB/512 GB...,"₹54,990","15.6 Inch, Luna Grey, 2.38 Kg, With MS Office",4.4,Positive
"Doat Premium Quality Mouse Pad for Laptop, Notebook, Ga...",₹128,Hp,4.4,Positive
"Doat Premium Quality Mouse Pad for Laptop, Notebook, Ga...",₹154,Black,4.4,Positive
"Bestor Ultra-Low Friction Gaming Mat, Anti-Slip Base, H...",₹199,"15.6 inch, Graphite Black, 2.30 Kg",4.3,Positive
Cranique Sleeve for PS5 Gaming Console Playstation 5 Di...,₹299,"15.6 Inch, Obsidian Black, 2.1 Kg",4.4,Positive
Cosmic Byte Meteroid RGB Cooling Pad,"₹1,999",Silver,4.3,Positive
"Ant Esports SI25 Support ATX, Micro- ATX, Mini-ITX | Pr...","₹1,841",Black,4.1,Positive
GREEN SOUL Monster Ult. (S) Multi-Functional Ergonomic ...,"₹19,699",Maroon,4.4,Positive
DWH Wireless Controller compatible with Playstation 4 P...,₹999,Silver,3.8,Negative
EVOFOX Frost 15.6 inches with blue LED 2 Fan Cooling Pa...,₹879,"Yellow, For Android, iOS",4.3,Positive
AMD Ryzen 5 5600G 3.9 GHz Upto 4.4 GHz AM4 Socket 6 Cor...,"₹12,439","15.6 inch, Luna Grey, 2.38 kg",4.5,Positive
"COOLER MASTER MWE 450 Bronze V2 230v, 80 Plus Bronze Ce...","₹3,349","Black, White",4.5,Positive
MICROSOFT Wireless Controller Bluetooth  Gamepad,"₹5,239",blue-(Graphics Card Required for Display),4.6,Positive
AMD Ryzen 5 8500G 3.5 GHz Upto 5 GHz AM5 Socket 6 Cores...,"₹14,759",Multicolor,4.6,Positive
AMD Ryzen 5 5600GT 3.6 GHz AM4 Socket 6 Cores 12 Thread...,"₹12,959","15.6 Inch, Cosmos Gray, 1.86 Kg",4.5,Positive
GREEN SOUL Monster Ult. (S) Multi-Functional Ergonomic ...,"₹19,699","Black, For Android, iOS",4.4,Positive
NINTENDO Switch OLED Console with Neon Blue Neon Red Jo...,"₹27,490","Black, Yellow",4.6,Positive
Cricket 24,"₹2,188","Black, For Home Theater",4.4,Positive
"Frontech PS-0006 SMPS Compliant with ATX 12V, 20/24 Pin...","₹1,049",Blue,4.0,Positive
"Elixora IceStorm RGB Gaming Phone Cooler , Silent Cooli...","₹1,419",Grey,3.8,Negative
"Cubonic Magnetic Phone Cooler Fan, RGB Portable Radiato...","₹1,199","Black, For Android, iOS",4.1,Positive
Hgworld Playstation Dualshock4 Wireless Gamepad | High ...,"₹1,278",Black,4.0,Positive
GREEN SOUL Beast Gaming Ergonomic Chair|Gaming & WFH|3D...,"₹15,699","CNTRLLR BLACK, For Xbox One, Xbox Series X, Xbox Series S",4.4,Positive
We Desi Stuff Gta Mousepad | Gaming Mousepad Mousepad,₹211,"15.6 Inch, Translucent Black, 1.98 Kg",4.0,Positive
AMD Ryzen 7 9700X 3.8 GHz Upto 5.5 GHz AM5 Socket 8 Cor...,"₹36,219","Multicolor, For Android, iOS",5.0,Positive
EVOFOX Elite Ops Wireless with Type C Charging USB  Gam...,"₹1,499",Black,4.0,Positive
"Doat Premium Quality Mouse Pad for Laptop, Notebook, Ga...",₹128,"Black, For PS4",4.4,Positive
"Doat Premium Quality Mouse Pad for Laptop, Notebook, Ga...",₹154,"Black, Red",4.4,Positive
AMD Ryzen 7 5700G 3.8 GHz Upto 4.6 GHz AM4 Socket 8 Cor...,"₹18,829","Black, No, but compatible with additional Joy-Con or Pro Controller (sold separately)",4.5,Positive
ASUS TUF Gaming A15 AMD Ryzen 7 Octa Core 7435HS - (8 G...,"₹52,990",Silver&Grey,4.2,Positive
AMD Ryzen 5 7600 3.8 GHz Upto 5.1 GHz AM5 Socket 6 Core...,"₹19,269","Black, For Android, iOS",4.6,Positive
Hgworld Retro Game Stick 2.4G Wireless Classic Video Ga...,"₹1,349",Black,3.6,Negative
AMD Ryzen 7 5700X3D 3 GHz AM4 Socket 8 Cores 16 Threads...,"₹25,239","Cyberpunk, Vibration Feedback Remote Play, For Sony Slim&Pro&Phat Gaming Joystick, For PS4, PC",4.7,Positive
Bestor Dual-Sided Multifunctional Desk Pad For PC/LAPTO...,₹699,Black,4.5,Positive
"Cubonic X76 Wired Magnetic Mobile Cooler, Gaming Fan, E...","₹1,199",Black,4.2,Positive
PEARIVE Premium Black & Red Anti-Slip Deskspread Extend...,₹267,for PS5,4.5,Positive
Inno3D NVIDIA GeForce RTX 3050 TWIN X2 8 GB GDDR6 Graph...,"₹20,371","Grey, For Android, PC, PS3",4.5,Positive
TECHON  TV-out Cable TV-out Cable 1.5 Meters High Quali...,₹210,"Black, White",3.6,Negative
"AlexVyan  TV-out Cable HDMI Switch Splitter, 2 Port Bi-...",₹429,Black,4.0,Positive
"Bestor PU Vegan Leather Mouse Pad, Reversible use, Suit...",₹229,Silver,4.2,Positive
AMD Ryzen 7 7700X 4.5 GHz Upto 5.4 GHz AM5 Socket 8 Cor...,"₹33,039","15.6 Inch, Luna Grey, 2.38 Kg, With MS Office",3.9,Negative
"Cubonic Arctic PRO Cooling Fan for Mobile Pubg, Cod, Fr...","₹1,153",Hp,3.8,Negative
Cricket 24,"₹2,999",Black,4.4,Positive
"Bestor Ultra-Low Friction Gaming Mat, Anti-Slip Base, H...",₹199,Black,4.3,Positive
Cranique Sleeve for PS5 Gaming Console Playstation 5 Di...,₹299,"Grey, Waterproof, Pack of: 1",4.4,Positive
"spincart Large Gaming Mouse Pad with Nonslip Base,Water...",₹219,Black,4.5,Positive
Logitech DRIVING FORCE SHIFTER  Motion Controller,"₹6,299","Black, For Xbox One, PS4, PC",4.4,Positive
Intel Core i5-4570 (4TH Gen) Quad-Core 6MB Cache 3.2 GH...,"₹1,775",Silver,4.2,Positive
Horizon Forbidden West Edn. (Complete Edition),"₹2,999",for PS5,4.8,Positive
EVOFOX Frost 15.6 inches with blue LED 2 Fan Cooling Pa...,₹879,Grey,4.3,Positive
AMD Ryzen 5 5600G 3.9 GHz Upto 4.4 GHz AM4 Socket 6 Cor...,"₹12,439",Grey,4.5,Positive
Ant Esports FP750B 750 Watt 750 Watts PSU,"₹5,003",Black,4.0,Positive
Warhammer GX1050 Speed Type Mouse Pad Gaming Mousepad,₹289,"Red, Black",4.6,Positive
AMD Ryzen 5 8500G 3.5 GHz Upto 5 GHz AM5 Socket 6 Cores...,"₹14,759",Silver,4.6,Positive
AMD Ryzen 5 5600GT 3.6 GHz AM4 Socket 6 Cores 12 Thread...,"₹12,959",Silver,4.5,Positive
"SHIDHMI Laptop Pad Desk Pad, PU Leather Office Desk Mat...",₹849,Dark Blue,4.4,Positive
"Sup Game Box 500 in 1, Video Games for Kids, Handheld G...",₹608,Code in the Box - for PC,3.5,Negative
GREEN SOUL Monster Ult. (S) Multi-Functional Ergonomic ...,"₹19,699","Black, Blue",4.4,Positive
Smacc  TV-out Cable Digital Optical Audio Cable Toslink...,₹399,"Black, For TV, 1 m",3.9,Negative
"Elixora IceStorm RGB Gaming Phone Cooler , Silent Cooli...","₹1,419","Multicolor, For Android, iOS",3.8,Negative
"Cubonic Magnetic Phone Cooler Fan, RGB Portable Radiato...","₹1,199","Black, For Android, iOS",4.1,Positive
Logitech Mouse Pad Graphite Mousepad,₹790,Black,4.4,Positive
Bestor Dual-Sided Multifunctional Desk Pad For PC/LAPTO...,₹699,Red&Black,4.5,Positive
We Desi Stuff Gta Mousepad | Gaming Mousepad Mousepad,₹211,Multicolor,4.0,Positive
AMD Ryzen 7 9700X 3.8 GHz Upto 5.5 GHz AM5 Socket 8 Cor...,"₹36,219",Silver,5.0,Positive
GIGABYTE NVIDIA GV-N3050WF2OC-6GD GeForce RTX 3050 WIND...,"₹17,490",Black,4.8,Positive
processsor Ultra 3.1 GHz LGA 1155 Core i3 2nd Generatio...,₹490,Silver,4.0,Positive
SONY Playstation DUALSENSE PS5 Wireless Joystick Gamepa...,"₹6,389","White, For PS5",4.6,Positive
Kreo Mirage Wireless RGB Gaming controller gamepad For ...,"₹2,249","Black, For Android, iOS, PC, PS4, Windows 10",4.0,Positive
ASUS TUF Gaming A15 AMD Ryzen 7 Octa Core 7435HS - (8 G...,"₹52,990","15.6 inch, Graphite Black, 2.30 Kg",4.2,Positive
AMD Ryzen 5 7600 3.8 GHz Upto 5.1 GHz AM5 Socket 6 Core...,"₹19,269",Silver,4.6,Positive
ASUS AMD/ATI Dual Radeon RX 7600 XT OC Edition 16 GB GD...,"₹33,540",Black,4.5,Positive
ENTWINO X3 Game Controller Wireless/BT Gamepad for Andr...,₹679,"Black & Red, For Android, Mac OS, iOS, PS3",3.6,Negative
Bestor Dual-Sided Multifunctional Desk Pad For PC/LAPTO...,₹699,Silver&Grey,4.5,Positive
"Cubonic X76 Wired Magnetic Mobile Cooler, Gaming Fan, E...","₹1,199",Black,4.2,Positive
GIGABYTE NVIDIA GeForce GTX 1650 D6 pci_e_x16 WINDFORCE...,"₹12,599",Black,4.3,Positive
Hgworld Retro Game Stick 2.4G Wireless Classic Video Ga...,"₹1,553","Black, 25000+ Games, Super Contra & Many More Games, TV Video Games, Yes",3.4,Negative
EASYCAP  TV-out Cable GD2355,₹430,"Black, For Laptop",3.7,Negative
"TEZINICX Thumb Yellow Sleeve Pubg Anti-Slip , Slip-Proo...",₹137,"Multicolor, For Android",4.2,Positive
"Bestor PU Vegan Leather Mouse Pad, Reversible use, Suit...",₹229,Blue&Tan,4.2,Positive
AMD Ryzen 7 7700X 4.5 GHz Upto 5.4 GHz AM5 Socket 8 Cor...,"₹33,039",Silver,3.9,Negative
"PowerA Officially LicensedWired Controller for PC, USB ...","₹2,599","Black, For Xbox Series S, Xbox Series X, Xbox One, Windows 10",4.5,Positive
"DARSHANAM WORLD Keyboard Mat, Mouse Pad Shortcut Keys D...",₹198,Black,4.3,Positive
Acer Nitro V AMD Ryzen 5 Hexa Core 7535HS - (16 GB/512 ...,"₹56,990","15.6 Inch, Obsidian Black, 2.1 Kg",4.3,Positive
ASUS TUF Gaming A15 AMD Ryzen 5 Hexa Core 7535HS - (16 ...,"₹55,990","15.6 Inch, Graphite Black, 2.30 Kg",4.4,Positive
GEONIX GXLCP-036 2 Fan Cooling Pad,₹699,Black,3.7,Negative
"Cubonic X76 Wired Magnetic Mobile Cooler, Gaming Fan, E...","₹1,199",Black,4.2,Positive
PS4 GTA V Premium Edition (Premium Edition),"₹1,722",for PS4,4.2,Positive
Deepcool RF120FS 120mm 1500 RPM Case Fan Cooler,₹418,Black,4.7,Positive
"Aliens Mobile Cooler Gaming Fan, Applicable Mobile Phon...",₹854,"Yellow, For Android, iOS",5.0,Positive
Lenovo LOQ Intel Core i5 12th Gen 12450HX - (12 GB/512 ...,"₹58,990","15.6 inch, Luna Grey, 2.38 kg",4.3,Positive
Oakcraft OC-22-WHITE Gaming Chair,"₹7,999","White, Black",4.1,Positive
EA Sports FC 25 (Standard),"₹4,999","Single-player, Multi-player, for Xbox Series X",4.6,Positive
MSI Thin 15 Intel Core i5 13th Gen 13420H - (16 GB/512 ...,"₹56,990","15.6 Inch, Cosmos Gray, 1.86 Kg",4.0,Positive
MSI Cyborg 15 Intel Core i5 12th Gen 12450H - (16 GB/51...,"₹56,990","15.6 Inch, Translucent Black, 1.98 Kg",4.6,Positive
Ant Esports 220 AIR Mid-Tower Cabinet,"₹4,035",White,4.1,Positive
EAYS top Sale Combo Pack of Touch smoothly Run Blue Fin...,₹179,"Black ,Red, For Wii",3.5,Negative
Fyrebird by Nilkamal Razos Ergonomic Gaming Chair with ...,"₹14,499",Brown,4.3,Positive
"Logitech G923 Racing Wheel and Pedals,Dual Clutch, for ...","₹46,995","Black, For Xbox, PS2, PS3, PS4, PS5, PC",3.7,Negative
We Desi Stuff Gta Mousepad | Gaming Mousepad Mousepad,₹211,Multicolor,4.0,Positive
AMD Ryzen 5 5600G 3.9 GHz Upto 4.4 GHz AM4 Socket 6 Cor...,"₹12,439",Grey,4.5,Positive
OIVO 8 Pcs Black Silicone FPS Thumb Grip  Gaming Access...,₹189,"Black, For PS4, PS5, Xbox, Xbox 360, Xbox One",4.1,Positive
Deepcool PK550D 550 Watts PSU,"₹4,036",Black,4.7,Positive
"Cubonic Magnetic Phone Cooler Fan, RGB Portable Radiato...","₹1,199","Black, For Android, iOS",4.1,Positive
"Elixora IceStorm RGB Gaming Phone Cooler , Silent Cooli...","₹1,419","Multicolor, For Android, iOS",3.8,Negative
AMD Ryzen 5 7600 3.8 GHz Upto 5.1 GHz AM5 Socket 6 Core...,"₹19,269",Silver,4.6,Positive
Xydrozen Gaming World Map Mouse Pad & Keyboard Desk Mat...,₹289,Black,4.0,Positive
EVOFOX Typhoon 17.3 inches with blue LED 5 Fan Cooling ...,"₹1,399",Black,4.1,Positive
RapTag Edge To Edge Tempered Glass for Fire Boltt Gladi...,₹211,Pack of 2,4.1,Positive
MSI Sword 16 HX Intel Core i9 13th Gen 13980HX - (32 GB...,"₹1,32,990","16 Inch, Cosmos Gray, 2.3 Kg, With MS Office",4.0,Positive
Bestor Dual-Sided Multifunctional Desk Pad For PC/LAPTO...,₹699,Silver&Grey,4.5,Positive
nintendo Pokemon Legends: Arceus(Switch),"₹4,299","Action-adventure, for Switch",4.6,Positive
Gran Turismo 7 (Standard),"₹3,033",for PS5,4.4,Positive
Kreo Iceberg Compact Mobile Cooler for Android/IOS Smar...,₹999,"Black, For Android, iOS",4.0,Positive
Lenovo LOQ AMD Ryzen 5 Quad Core 7235HS - (12 GB/512 GB...,"₹54,990","15.6 Inch, Luna Grey, 2.38 Kg, With MS Office",4.4,Positive
AMD Ryzen 7 8700G 4.2 GHz Upto 5.1 GHz AM5 Socket 8 Cor...,"₹27,759",Silver,4.8,Positive
Intel I7-12700K 5 GHz Upto 5 GHz LGA1700 Socket 12 Core...,"₹39,949",Blue,4.6,Positive
Cubonic SL-09 Gear Shift Mobile Radiator Cooling 1 Fan ...,"₹1,044","Black, Orange",4.0,Positive
Hgworld Wireless Controller Compatible with PlayStation...,"₹1,264","Joystick Gamepad Motion Controller, Cameo Grey, For PS4, PC",4.0,Positive
AMD Ryzen 5 8500G 3.5 GHz Upto 5 GHz AM5 Socket 6 Cores...,"₹14,759",Silver,4.6,Positive
AMD Ryzen 5 5600GT 3.6 GHz AM4 Socket 6 Cores 12 Thread...,"₹12,959",Silver,4.5,Positive
ZORI Panda Animal Music Headphone Pattern Printed Mouse...,₹151,Headphone Pattern,4.5,Positive
AtoZsports SUP VIDEO GAME HAND CONSOLE Handheld Gaming ...,₹542,Any,3.5,Negative
